"Headline","Date","Source","City","State","Xenophobia","Location.Notes","Location.New","EventCodes","New3.PoliticalStatement","Old3.PoliticalStatement","New8.AsianBusinessDownturn","Old8.AsianBusinessDownturn","New9.AsianEventCancellation","Old9.AsianEventCancellation","New10.Transportation","Old10.Transportation","New12.AdultHarassment","Old12.AdultHarassment","New13.ChildHarassment","Old13.ChildHarassment","New14.OfficialStancesAgainstXenophobia","Old14.OfficialStancesAgainstXenophobia","New15.AsiansResistXenophobia","Old15.AsiansResistXenophobia","New16.Vandalism","Old16.Vandalism","Old.18","latitude","longitude"
"Editor, S. (2020, April 12). COMMENTARY: COVID-19 — Even During a Killer Pandemic Trump Tests Positive for Racism. Chicago Defender (IL). Available from NewsBank: Access World News – Historical and Current: https://infoweb-newsbank-com.proxy.lib.umich.edu/apps/news/document-view?p=WORLDNEWS&docref=news/17A51033751245F0.","4/12/20","Chicago Defender ","Chicago","IL","Xenophobia is bad","Washington DC","Washington, District of Columbia","Old 3 - Political Statement",NA,"Old 3 - Political Statement",NA,NA,NA,NA,NA,NA,NA,NA,NA,NA,NA,NA,NA,NA,NA,NA,NA,38.9071923,-77.0368707
"Editor, S. (2020, April 12). COMMENTARY: COVID-19 — Even During a Killer Pandemic Trump Tests Positive for Racism. Chicago Defender (IL). Available from NewsBank: Access World News – Historical and Current: https://infoweb-newsbank-com.proxy.lib.umich.edu/apps/news/document-view?p=WORLDNEWS&docref=news/17A51033751245F0.","4/12/20","Chicago Defender ","Chicago","IL","Xenophobia is bad","California","California","Old 3 - Political Statement",NA,"Old 3 - Political Statement",NA,NA,NA,NA,NA,NA,NA,NA,NA,NA,NA,NA,NA,NA,NA,NA,NA,36.778261,-119.4179324
"(2020, April 12). Philadelphia Inquirer, The (PA), p. 3. Available from NewsBank: Access World News – Historical and Current: https://infoweb-newsbank-com.proxy.lib.umich.edu/apps/news/document-view?p=WORLDNEWS&docref=image/v2%3A1691563DEA998098%40AWNB-17A4B36FAA1EC399%402458952-17A4B3DF03318927%402-17A4B3DF03318927%40.","4/12/20","The Philadelphia Inquirer","Philadelphia","PA","Xenophobia is bad","Washington DC","Washington, District of Columbia","New 3 - Political Statement","New 3 - Political Statement",NA,NA,NA,NA,NA,NA,NA,NA,NA,NA,NA,NA,NA,NA,NA,NA,NA,NA,38.9071923,-77.0368707
"(2020, April 12). Topeka Capital-Journal, The (KS): Image Edition, p. 1. Available from NewsBank: Access World News – Historical and Current: https://infoweb-newsbank-com.proxy.lib.umich.edu/apps/news/document-view?p=WORLDNEWS&docref=image/v2%3A168C0F11BB30FFF8%40AWNB-17A4A6CB50D942A1%402458952-17A4A6D8B7B20DEA%400-17A4A6D8B7B20DEA%40.","4/12/20","The Topeka Capital-Journal","Topeka","KS","Xenophobia is bad","Topeka, KS","Topeka, KS","New 3 - Political Statement","New 3 - Political Statement",NA,NA,NA,NA,NA,NA,NA,NA,NA,NA,NA,NA,NA,NA,NA,NA,NA,NA,39.0473451,-95.6751576
"(2020, April 12). Topeka Capital-Journal, The (KS): Image Edition, p. 11. Available from NewsBank: Access World News – Historical and Current: https://infoweb-newsbank-com.proxy.lib.umich.edu/apps/news/document-view?p=WORLDNEWS&docref=image/v2%3A168C0F11BB30FFF8%40AWNB-17A4A6CB50D942A1%402458952-17A4A6D8CA833561%4010-17A4A6D8CA833561%40.","4/12/20","The Topeka Capital-Journal","Topeka","KS","Xenophobia is bad","Manhattan,KS","Manhattan, KS","New 3 - Political Statement|New 8 - Asian Business Downturn|New 14 - Official Stances Against Xenophobia","New 3 - Political Statement",NA,"New 8 - Asian Business Downturn",NA,NA,NA,NA,NA,NA,NA,NA,NA,"New 14 - Official Stances Against Xenophobia",NA,NA,NA,NA,NA,NA,39.1836082,-96.5716694
"(2020, April 12). Register-Guard, The (Eugene, OR), p. 8. Available from NewsBank: Access World News – Historical and Current: https://infoweb-newsbank-com.proxy.lib.umich.edu/apps/news/document-view?p=WORLDNEWS&docref=image/v2%3A1755A585D0F68F50%40AWNB-17A4BF2E6005F0D6%402458952-17A4BF3CE4CADE7A%407-17A4BF3CE4CADE7A%40.","4/12/20","The Register-Guard","Eugene","OR","Xenophobia is bad","Washington DC","Washington, District of Columbia","Old 3 - Political Statement",NA,"Old 3 - Political Statement",NA,NA,NA,NA,NA,NA,NA,NA,NA,NA,NA,NA,NA,NA,NA,NA,NA,38.9071923,-77.0368707
"Darby, B. (2020, April 12). Chinese Heritage Group donates 3,000 face masks. Savannah Morning News (GA), p. 4B. Available from NewsBank: Access World News – Historical and Current: https://infoweb-newsbank-com.proxy.lib.umich.edu/apps/news/document-view?p=WORLDNEWS&docref=news/17A4CA2C4AD24768.","4/12/20","Savannah Morning News ","Savannah","GA","Xenophobia is bad","Savannah, GA","Savannah, GA","New 15 - Asians Resist Xenophobia",NA,NA,NA,NA,NA,NA,NA,NA,NA,NA,NA,NA,NA,NA,"New 15 - Asians Resist Xenophobia",NA,NA,NA,NA,32.0808989,-81.091203
"Cha-Jua, S. (2020, April 12). Real Talk | COVID-19 and the dialectics of racial oppression. News-Gazette, The: Web Edition Articles (Champaign-Urbana, IL). Available from NewsBank: Access World News – Historical and Current: https://infoweb-newsbank-com.proxy.lib.umich.edu/apps/news/document-view?p=WORLDNEWS&docref=news/17A524F5D2647730.","4/12/20","The News-Gazette","Champaign-Urbana","IL","Xenophobia is bad","Washington DC","Washington, District of Columbia","Old 3 - Political Statement|Old 8 - Asian Business Downturn|Old 10 - Transportation|Old 13 - Child Harassment|New 14 - Official Stances Against Xenophobia",NA,"Old 3 - Political Statement",NA,"Old 8 - Asian Business Downturn",NA,NA,NA,"Old 10 - Transportation",NA,NA,NA,"Old 13 - Child Harassment","New 14 - Official Stances Against Xenophobia",NA,NA,NA,NA,NA,NA,38.9071923,-77.0368707
"(2020, April 12). Olympian, The (Olympia, WA), p. 3. Available from NewsBank: Access World News – Historical and Current: https://infoweb-newsbank-com.proxy.lib.umich.edu/apps/news/document-view?p=WORLDNEWS&docref=image/v2%3A16D86542122AF0A0%40AWNB-17A13C9811ABDBF2%402458952-17A4926F8E33F822%402-17A4926F8E33F822%40.","4/12/20","The Olympian","Olympia","WA","Xenophobia is bad","Washington DC","Washington, District of Columbia","New 14 - Official Stances Against Xenophobia",NA,NA,NA,NA,NA,NA,NA,NA,NA,NA,NA,NA,"New 14 - Official Stances Against Xenophobia",NA,NA,NA,NA,NA,NA,38.9071923,-77.0368707
"(2020, April 12). Connecticut Post (Bridgeport, CT), p. 10. Available from NewsBank: Access World News – Historical and Current: https://infoweb-newsbank-com.proxy.lib.umich.edu/apps/news/document-view?p=WORLDNEWS&docref=image/v2%3A1709497875A0D608%40AWNB-17A4B19D6547949F%402458952-17A4B1E9700096D7%409-17A4B1E9700096D7%40.","4/12/20","Connecticut Post ","Bridgeport","CT","Xenophobia is bad","Bridgeport, CT","Bridgeport, CT","New 12 - Adult Harassment",NA,NA,NA,NA,NA,NA,NA,NA,"New 12 - Adult Harassment",NA,NA,NA,NA,NA,NA,NA,NA,NA,NA,41.1792258,-73.1894384
"Dean Steptoe, B. (2020, April 12). Inside Texas Politics: Judge Hidalgo says Harris County doesn't have the testing capabilities it needs - Cases of COVID-19 have surged in Harris County, putting it over 2,000 cases -- the most in Texas.. CBS - 5 KENS (San Antonio, TX). Available from NewsBank: Access World News – Historical and Current: https://infoweb-newsbank-com.proxy.lib.umich.edu/apps/news/document-view?p=WORLDNEWS&docref=news/17A4D48E28BBCBA0.","4/12/20"," CBS - 5 KENS ","San Antonio","TX","Xenophobia is bad","Harris County, TX","Harris County, TX","New 14 - Official Stances Against Xenophobia",NA,NA,NA,NA,NA,NA,NA,NA,NA,NA,NA,NA,"New 14 - Official Stances Against Xenophobia",NA,NA,NA,NA,NA,NA,29.7751825,-95.3102505
"Sungmin Cho: Don’t draw the line. (2020, April 12). Michigan Daily, The: University of Michigan (Ann Arbor, MI). Available from NewsBank: Access World News – Historical and Current: https://infoweb-newsbank-com.proxy.lib.umich.edu/apps/news/document-view?p=WORLDNEWS&docref=news/17A5069367AFED68.","4/12/20","The Michigan Daily","Ann Arbor","MI","Xenophobia is bad","Washington DC","Washington, District of Columbia","Old 3 - Political Statement",NA,"Old 3 - Political Statement",NA,NA,NA,NA,NA,NA,NA,NA,NA,NA,NA,NA,NA,NA,NA,NA,NA,38.9071923,-77.0368707
"Hampton, C. (2020, April 12). Local Chinese communities shore up frontline medical teams. Davis Enterprise, The (CA). Available from NewsBank: Access World News – Historical and Current: https://infoweb-newsbank-com.proxy.lib.umich.edu/apps/news/document-view?p=WORLDNEWS&docref=news/17A4B846B7EFE688.","4/12/20","The Davis Enterprise","Davis","CA","Xenophobia is bad","Davis, CA","Davis, CA","New 15 - Asians Resist Xenophobia",NA,NA,NA,NA,NA,NA,NA,NA,NA,NA,NA,NA,NA,NA,"New 15 - Asians Resist Xenophobia",NA,NA,NA,NA,38.5449065,-121.7405167
"Naming virus distracts from public health needs. (2020, April 12). <em>Abilene Reporter-News (TX)</em>, p. B4. Available from NewsBank: Access World News – Historical and Current: https://infoweb-newsbank-com.proxy.lib.umich.edu/apps/news/document-view?p=WORLDNEWS&docref=news/17A4BA4062622790.","4/12/20","<em>Abilene Reporter-News ","Abilene","TX","Xenophobia is bad","Washington DC","Washington, District of Columbia","Old 3 - Political Statement",NA,"Old 3 - Political Statement",NA,NA,NA,NA,NA,NA,NA,NA,NA,NA,NA,NA,NA,NA,NA,NA,NA,38.9071923,-77.0368707
"Emig, G. (2020, April 12). Guerin-teed it was quite a week: Mike Gundy's worst mistake took two words in 25 seconds. Tulsa World (OK). Available from NewsBank: Access World News – Historical and Current: https://infoweb-newsbank-com.proxy.lib.umich.edu/apps/news/document-view?p=WORLDNEWS&docref=news/17A523E088774450.","4/12/20","Tulsa World ","Tulsa","OK","Xenophobia is bad","Midland, TX","Midland, TX","Old 13 - Child Harassment",NA,NA,NA,NA,NA,NA,NA,NA,NA,NA,NA,"Old 13 - Child Harassment",NA,NA,NA,NA,NA,NA,NA,31.9973456,-102.0779146
"Solidarity with Asian communities. (2020, April 12). Register-Guard, The (Eugene, OR). Available from NewsBank: Access World News – Historical and Current: https://infoweb-newsbank-com.proxy.lib.umich.edu/apps/news/document-view?p=WORLDNEWS&docref=news/17A52AF55814A088.","4/12/20","The Register-Guard","Eugene","OR","Xenophobia is bad","Dexter, OR","Dexter, OR","New 14 - Official Stances Against Xenophobia",NA,NA,NA,NA,NA,NA,NA,NA,NA,NA,NA,NA,"New 14 - Official Stances Against Xenophobia",NA,NA,NA,NA,NA,NA,43.915959,-122.8228506
"DEMOLA Staff Writer, P. (2020, April 12). Chinese food hard to come by these days. Daily Gazette, The (Schenectady, NY), p. 1. Available from NewsBank: Access World News – Historical and Current: https://infoweb-newsbank-com.proxy.lib.umich.edu/apps/news/document-view?p=WORLDNEWS&docref=news/17A4C50C75E8E358.","4/12/20","The Daily Gazette","Schenectady","NY","Xenophobia is bad","Schenectady, NY","Schenectady, NY","New 8 - Asian Business Downturn",NA,NA,"New 8 - Asian Business Downturn",NA,NA,NA,NA,NA,NA,NA,NA,NA,NA,NA,NA,NA,NA,NA,NA,42.8142432,-73.9395687
"Eng, D. (2020, April 12). seymour; Asian-American restaurant owners get support from town; Owners: After receiving racially motivated threats, community rallies behind family. Connecticut Post (Bridgeport, CT), p. A001. Available from NewsBank: Access World News – Historical and Current: https://infoweb-newsbank-com.proxy.lib.umich.edu/apps/news/document-view?p=WORLDNEWS&docref=news/17A4B44874D84A30.","4/12/20","Connecticut Post ","Bridgeport","CT","Xenophobia is bad","Seymour, CT","Seymour, CT","New 14 - Official Stances Against Xenophobia",NA,NA,NA,NA,NA,NA,NA,NA,NA,NA,NA,NA,"New 14 - Official Stances Against Xenophobia",NA,NA,NA,NA,NA,NA,41.397146,-73.0747534
"(2020, April 13). Sacramento Bee, The, p. 6. Available from NewsBank: Access World News – Historical and Current: https://infoweb-newsbank-com.proxy.lib.umich.edu/apps/news/document-view?p=WORLDNEWS&docref=image/v2%3A168017CA06D920C8%40AWNB-17A4EA9940B89F9B%402458953-17A4F0B0E64DA4F4%405-17A4F0B0E64DA4F4%40.","4/13/20","The Sacramento Bee","Sacramento","CA","Xenophobia is bad","Elk Grove, CA","Elk Grove, CA","Old 3 - Political Statement|New 12 - Adult Harassment|New 14 - Official Stances Against Xenophobia|New 15 - Asians Resist Xenophobia",NA,"Old 3 - Political Statement",NA,NA,NA,NA,NA,NA,"New 12 - Adult Harassment",NA,NA,NA,"New 14 - Official Stances Against Xenophobia",NA,"New 15 - Asians Resist Xenophobia",NA,NA,NA,NA,38.4087993,-121.3716178
"(2020, April 13). Lewiston Tribune (ID), p. 12. Available from NewsBank: Access World News – Historical and Current: https://infoweb-newsbank-com.proxy.lib.umich.edu/apps/news/document-view?p=WORLDNEWS&docref=image/v2%3A16E4A2D9DEC4ADB0%40AWNB-17A51897E09D8CDB%402458953-17A518A7D3EEC8B1%4011-17A518A7D3EEC8B1%40.","4/13/20","Lewiston Tribune ","Lewiston","ID","Xenophobia is bad","Washington DC","Washington, District of Columbia","New 3 - Political Statement","New 3 - Political Statement",NA,NA,NA,NA,NA,NA,NA,NA,NA,NA,NA,NA,NA,NA,NA,NA,NA,NA,38.9071923,-77.0368707
"Asian Americans report more racist confrontations due to COVID-19 blame. (2020, April 13). NBC - 8 WFLA: Web Edition Articles (Tampa, FL). Available from NewsBank: Access World News – Historical and Current: https://infoweb-newsbank-com.proxy.lib.umich.edu/apps/news/document-view?p=WORLDNEWS&docref=news/17A575BFD21420C8.","4/13/20","NBC - 8 WFLA: Web Edition Articles ","Tampa","FL","Xenophobia is bad","Escondito, CA","Escondito, CA","Old 3 - Political Statement|New 12 - Adult Harassment|Old 12 - Adult Harassment",NA,"Old 3 - Political Statement",NA,NA,NA,NA,NA,NA,"New 12 - Adult Harassment","Old 12 - Adult Harassment",NA,NA,NA,NA,NA,NA,NA,NA,NA,33.1192068,-117.086421
"(2020, April 13). Houston Chronicle (TX), p. 6. Available from NewsBank: Access World News – Historical and Current: https://infoweb-newsbank-com.proxy.lib.umich.edu/apps/news/document-view?p=WORLDNEWS&docref=image/v2%3A16797DF2166E5EE0%40AWNB-17A5032F62CE172B%402458953-17A523AAF3D099C6%405-17A523AAF3D099C6%40.","4/13/20","Houston Chronicle ","Houston","TX","Xenophobia is bad","Texas","Texas","Old 3 - Political Statement",NA,"Old 3 - Political Statement",NA,NA,NA,NA,NA,NA,NA,NA,NA,NA,NA,NA,NA,NA,NA,NA,NA,31.9685988,-99.9018131
"(2020, April 13). Tulsa World (OK), p. 16. Available from NewsBank: Access World News – Historical and Current: https://infoweb-newsbank-com.proxy.lib.umich.edu/apps/news/document-view?p=WORLDNEWS&docref=image/v2%3A16E88A75E8C3BEC8%40AWNB-17A507616CB9818C%402458953-17A50770AD46407A%4015-17A50770AD46407A%40.","4/13/20","Tulsa World ","Tulsa","OK","Xenophobia is bad","Stillwater, OK","Stillwater, OK","New 15 - Asians Resist Xenophobia",NA,NA,NA,NA,NA,NA,NA,NA,NA,NA,NA,NA,NA,NA,"New 15 - Asians Resist Xenophobia",NA,NA,NA,NA,36.1156071,-97.0583681
"Xenophobia: Addressing an effect of COVID 19. (2020, April 13). Gator Times: University of Florida (Gainesville, FL). Available from NewsBank: Access World News – Historical and Current: https://infoweb-newsbank-com.proxy.lib.umich.edu/apps/news/document-view?p=WORLDNEWS&docref=news/17A520DE586AFDE8.","4/13/20","Gator Times: University of Florida ","Gainesville","FL","Xenophobia is bad","Gainesville, FL","Gainesville, FL","New 15 - Asians Resist Xenophobia",NA,NA,NA,NA,NA,NA,NA,NA,NA,NA,NA,NA,NA,NA,"New 15 - Asians Resist Xenophobia",NA,NA,NA,NA,29.6516344,-82.3248262
"Bo Williams, K. (2020, April 13). Republicans Seek to Punish China for Coronavirus as Trump Waffles - ""Having the relationship I have with China is a good thing,"" Trump says. But Republicans say China needs to ""pay a price."". Defense One (USA). Available from NewsBank: Access World News – Historical and Current: https://infoweb-newsbank-com.proxy.lib.umich.edu/apps/news/document-view?p=WORLDNEWS&docref=news/17A555EC2F5DFDE8.","4/13/20",". Defense One ",NA,NA,"Reporting on China is to Blame Statements","Washington DC","Washington, District of Columbia","New 3 - Political Statement|Old 3 - Political Statement","New 3 - Political Statement","Old 3 - Political Statement",NA,NA,NA,NA,NA,NA,NA,NA,NA,NA,NA,NA,NA,NA,NA,NA,NA,38.9071923,-77.0368707
"Lemon, D. (2020, April 13). Governors Want To Reopen Economy; CDC Says Rushing Things Is Bad Idea; Mayor London Breed (D) Of San Francisco Is Interviewed About Early Action She Made In The State To Control Spread Of Virus; President Trump Criticized By Media; Fact Check: A List Of False Claims From President Trump's Coronavirus Briefing; President Trump Touts Hydroxychloroquine As Heart Risk Concerns Mount For Unproven Coronavirus Treatment. Aired 11p-12a ET. CNN Tonight. Available from NewsBank: Access World News – Historical and Current: https://infoweb-newsbank-com.proxy.lib.umich.edu/apps/news/document-view?p=WORLDNEWS&docref=news/17A5B82D911EE770.","4/13/20","CNN","Atlanta ","GA","Xenophobia is bad","Washington DC","Washington, District of Columbia","Old 3 - Political Statement",NA,"Old 3 - Political Statement",NA,NA,NA,NA,NA,NA,NA,NA,NA,NA,NA,NA,NA,NA,NA,NA,NA,38.9071923,-77.0368707
"Melo, F. (2020, April 13). St. Paul lawmaker condemns anti-Asian rhetoric after webinar on discrimination is interrupted by racist remarks. St. Paul Pioneer Press: Web Edition Articles (MN). Available from NewsBank: Access World News – Historical and Current: https://infoweb-newsbank-com.proxy.lib.umich.edu/apps/news/document-view?p=WORLDNEWS&docref=news/17A567C2546ABAF8.","4/13/20","St. Paul Pioneer Press: Web Edition Articles ","St. Paul","MN","Xenophobia is bad","St. Paul, MN","St. Paul, MN","New 12 - Adult Harassment|New 14 - Official Stances Against Xenophobia|Old 15 - Asians Resist Xenophobia",NA,NA,NA,NA,NA,NA,NA,NA,"New 12 - Adult Harassment",NA,NA,NA,"New 14 - Official Stances Against Xenophobia",NA,NA,"Old 15 - Asians Resist Xenophobia",NA,NA,NA,44.9537029,-93.0899578
"Barnes, S. (2020, April 13). Report: More than 90% of area Chinese restaurants closed temporarily. Times Union, The: Web Edition Articles (Albany, NY). Available from NewsBank: Access World News – Historical and Current: https://infoweb-newsbank-com.proxy.lib.umich.edu/apps/news/document-view?p=WORLDNEWS&docref=news/17A544879F5A7570.","4/13/20","The Times Union","Albany","NY","Xenophobia is bad","Albany, NY","Albany, NY","New 8 - Asian Business Downturn",NA,NA,"New 8 - Asian Business Downturn",NA,NA,NA,NA,NA,NA,NA,NA,NA,NA,NA,NA,NA,NA,NA,NA,42.6525793,-73.7562317
"Yao, J. (2020, April 13). Letter to the Editor: Upper-middle-class Asian Americans need greater solidarity with people of color. Columbia Daily Spectator: Columbia University (New York, NY). Available from NewsBank: Access World News – Historical and Current: https://infoweb-newsbank-com.proxy.lib.umich.edu/apps/news/document-view?p=WORLDNEWS&docref=news/17A56F78D01AAA58.","4/13/20","Columbia Daily Spectator: Columbia University ","New York","NY","Xenophobia is bad","New York, NY","New York, NY","New 15 - Asians Resist Xenophobia",NA,NA,NA,NA,NA,NA,NA,NA,NA,NA,NA,NA,NA,NA,"New 15 - Asians Resist Xenophobia",NA,NA,NA,NA,40.7127753,-74.0059728
"Writer, S. (2020, April 13). Letters to the editor: April 13, 2020. News-Enterprise, The (Elizabethtown, KY). Available from NewsBank: Access World News – Historical and Current: https://infoweb-newsbank-com.proxy.lib.umich.edu/apps/news/document-view?p=WORLDNEWS&docref=news/17A57F58921C6DC8.","4/13/20","The News-Enterprise","Elizabethtown","KY","Defending Travel Ban/Xenophobia is bad","Washington DC","Washington, District of Columbia","New 15 - Asians Resist Xenophobia",NA,NA,NA,NA,NA,NA,NA,NA,NA,NA,NA,NA,NA,NA,"New 15 - Asians Resist Xenophobia",NA,NA,NA,NA,38.9071923,-77.0368707
"Saletan, W. (2020, April 13). Trump's New Press Secretary Is an Apologist for Explicit Racism - She defended his attacks on Judge Gonzalo Curiel.. Slate (USA). Available from NewsBank: Access World News – Historical and Current: https://infoweb-newsbank-com.proxy.lib.umich.edu/apps/news/document-view?p=WORLDNEWS&docref=news/17A569F73A6497D8.","4/13/20"," Slate ",NA,NA,"Xenophobia is bad","Washington DC","Washington, District of Columbia","Old 3 - Political Statement",NA,"Old 3 - Political Statement",NA,NA,NA,NA,NA,NA,NA,NA,NA,NA,NA,NA,NA,NA,NA,NA,NA,38.9071923,-77.0368707
"by The Post Editorial Board, C. (2020, April 13). FAST TAKES. New York Post (NY), p. 021. Available from NewsBank: Access World News – Historical and Current: https://infoweb-newsbank-com.proxy.lib.umich.edu/apps/news/document-view?p=WORLDNEWS&docref=news/17A51C42F14812D8.","4/13/20","New York Post ","New York","NY","Coronavirus is Chinese","Washington DC","Washington, District of Columbia","Old 3 - Political Statement",NA,"Old 3 - Political Statement",NA,NA,NA,NA,NA,NA,NA,NA,NA,NA,NA,NA,NA,NA,NA,NA,NA,38.9071923,-77.0368707
"(2020, April 14). San Antonio Express-News, p. 9. Available from NewsBank: Access World News – Historical and Current: https://infoweb-newsbank-com.proxy.lib.umich.edu/apps/news/document-view?p=WORLDNEWS&docref=image/v2%3A16AC4EEDC1D84A40%40AWNB-17A558642A94F55D%402458954-17A5586B955BBF07%408-17A5586B955BBF07%40.","4/14/20","San Antonio Express","San Antonio","TX","Xenophobia is bad","Texas","Texas","New 3 - Political Statement","New 3 - Political Statement",NA,NA,NA,NA,NA,NA,NA,NA,NA,NA,NA,NA,NA,NA,NA,NA,NA,NA,31.9685988,-99.9018131
"McCarthy, C. (2020, April 14). Harvard grad students launch map of racist incidents toward Asians amid coronavirus outbreak. ABC - 9 WSOC: Web Edition Articles (Charlotte, NC). Available from NewsBank: Access World News – Historical and Current: https://infoweb-newsbank-com.proxy.lib.umich.edu/apps/news/document-view?p=WORLDNEWS&docref=news/17A584B40713A158.","4/14/20","ABC - 9 WSOC: Web Edition Articles ","Charlotte","NC","Xenophobia is bad","Cambridge, MA","Cambridge, MA","New 12 - Adult Harassment",NA,NA,NA,NA,NA,NA,NA,NA,"New 12 - Adult Harassment",NA,NA,NA,NA,NA,NA,NA,NA,NA,NA,42.3736158,-71.1097335
"Joshi, I. (2020, April 14). Fight the pervasive racism COVID-19 has incited. Daily Texan, The: University of Texas at Austin (TX). Available from NewsBank: Access World News – Historical and Current: https://infoweb-newsbank-com.proxy.lib.umich.edu/apps/news/document-view?p=WORLDNEWS&docref=news/17A5BB3C78844300.","4/14/20","The Daily Texan","Austin","TX","Xenophobia is bad","Midland, TX","Midland, TX","Old 13 - Child Harassment",NA,NA,NA,NA,NA,NA,NA,NA,NA,NA,NA,"Old 13 - Child Harassment",NA,NA,NA,NA,NA,NA,NA,31.9973456,-102.0779146
"Cassi, S. (2020, April 14). 'Strong possibility' COVID-19 hate crime victims are staying silent, Pa. state police say. Express-Times, The: Web Edition Articles (Easton, PA). Available from NewsBank: Access World News – Historical and Current: https://infoweb-newsbank-com.proxy.lib.umich.edu/apps/news/document-view?p=WORLDNEWS&docref=news/17A5957E81DF1870.","4/14/20","The Express-Times","Easton","PA","Xenophobia is bad","Pennsylvania","Pennsylvania","New 14 - Official Stances Against Xenophobia",NA,NA,NA,NA,NA,NA,NA,NA,NA,NA,NA,NA,"New 14 - Official Stances Against Xenophobia",NA,NA,NA,NA,NA,NA,41.2033216,-77.1945247
"Chasmar, J. (2020, April 14). Alexandria Ocasio-Cortez: Many 'too scared' to go to hospital for COVID-19 due to 'xenophobic' Trump. Washington Times, The (DC). Available from NewsBank: Access World News – Historical and Current: https://infoweb-newsbank-com.proxy.lib.umich.edu/apps/news/document-view?p=WORLDNEWS&docref=news/17A55A9A2901CD80.","4/14/20","The Washington Times","Washigton DC","DC","Meant as negative against AOC","Washington DC","Washington, District of Columbia","New 14 - Official Stances Against Xenophobia|Old 14 - Official Stances Against Xenophobia",NA,NA,NA,NA,NA,NA,NA,NA,NA,NA,NA,NA,"New 14 - Official Stances Against Xenophobia","Old 14 - Official Stances Against Xenophobia",NA,NA,NA,NA,NA,38.9071923,-77.0368707
"Tegethoff, E. (2020, April 14). Washingtonians Support Asian-American Businesses During COVID-19. Public News Service (PNS) (USA). Available from NewsBank: Access World News – Historical and Current: https://infoweb-newsbank-com.proxy.lib.umich.edu/apps/news/document-view?p=WORLDNEWS&docref=news/17A56EEC4E0176E8.","4/14/20","Public News Service (PNS) ",NA,NA,"Xenophobia is bad","Seattle, WA","Seattle, WA","New 8 - Asian Business Downturn",NA,NA,"New 8 - Asian Business Downturn",NA,NA,NA,NA,NA,NA,NA,NA,NA,NA,NA,NA,NA,NA,NA,NA,47.6062095,-122.3320708
"Hoonhout, T. (2020, April 14). Chinese Consulate Asked Wisconsin State Senate to Praise CCP for 'Sharing Key Information' about Coronavirus, Emails Show. National Review. Available from NewsBank: Access World News – Historical and Current: https://infoweb-newsbank-com.proxy.lib.umich.edu/apps/news/document-view?p=WORLDNEWS&docref=news/17A5BC827741D7F0.","4/14/20","National Review","New York","NY","Coronavirus is Chinese","Madison, WI","Madison, WI","New 3 - Political Statement","New 3 - Political Statement",NA,NA,NA,NA,NA,NA,NA,NA,NA,NA,NA,NA,NA,NA,NA,NA,NA,NA,43.0730517,-89.4012302
"YOUR TURN | Coronavirus. (2020, April 14). San Antonio Express-News (TX), p. A009. Available from NewsBank: Access World News – Historical and Current: https://infoweb-newsbank-com.proxy.lib.umich.edu/apps/news/document-view?p=WORLDNEWS&docref=news/17A5AE71DA875220.","4/14/20","San Antonio Express-News ","San Antonio","TX","Xenophobia is bad","Texas","Texas","Old 3 - Political Statement",NA,"Old 3 - Political Statement",NA,NA,NA,NA,NA,NA,NA,NA,NA,NA,NA,NA,NA,NA,NA,NA,NA,31.9685988,-99.9018131
"Hingston, S. (2020, April 14). The Sad, Seemingly Inevitable History of Blaming Pandemics on ""Others"" - From ""the Black Death"" to ""the Chinese Virus,"" an examination of pandemic-shaming with Penn expert David Barnes.. Philadelphia Magazine (PA). Available from NewsBank: Access World News – Historical and Current: https://infoweb-newsbank-com.proxy.lib.umich.edu/apps/news/document-view?p=WORLDNEWS&docref=news/17A5C411631F5540.","4/14/20"," Philadelphia Magazine ","Philadelphia","PA","Xenophobia is bad","Philadelphia","Philadelphia, PA","Old 8 - Asian Business Downturn",NA,NA,NA,"Old 8 - Asian Business Downturn",NA,NA,NA,NA,NA,NA,NA,NA,NA,NA,NA,NA,NA,NA,NA,39.9525839,-75.1652215
"(2020, April 15). Seattle Times, The (WA), p. 1. Available from NewsBank: Access World News is provided by the University of Michigan Library: https://infoweb-newsbank-com.proxy.lib.umich.edu/apps/news/document-view?p=AWNB&docref=image/v2%3A1693E713EA14EF18%40AWNB-17A5B497680D1C0D%402458955-17A5B49D82FAB42C%400-17A5B49D82FAB42C%40.","4/15/20","The Seattle Times","Seattle","WA","Xenophobia is bad","Seattle, WA","Seattle, WA","Old 8 - Asian Business Downturn",NA,NA,NA,"Old 8 - Asian Business Downturn",NA,NA,NA,NA,NA,NA,NA,NA,NA,NA,NA,NA,NA,NA,NA,47.6062095,-122.3320708
"(2020, April 15). Cape Cod Times (Hyannis, MA), p. 7. Available from NewsBank: Access World News is provided by the University of Michigan Library: https://infoweb-newsbank-com.proxy.lib.umich.edu/apps/news/document-view?p=AWNB&docref=image/v2%3A16FAB21DCCBA4148%40AWNB-17A5A8731017FA7F%402458955-17A5A87E2EC05A38%406-17A5A87E2EC05A38%40.","4/15/20","Cape Cod Times ","Cape Cod","MA","Xenophobia is bad","Cape Cod, MA","Cape Cod, MA","Old 12 - Adult Harassment",NA,NA,NA,NA,NA,NA,NA,NA,NA,"Old 12 - Adult Harassment",NA,NA,NA,NA,NA,NA,NA,NA,NA,41.6687897,-70.2962408
"Pak, S. (2020, April 15). Bellevue police town hall addresses racism stemming from COVID-19 outbreak. Issaquah & Sammamish Reporter (WA). Available from NewsBank: Access World News is provided by the University of Michigan Library: https://infoweb-newsbank-com.proxy.lib.umich.edu/apps/news/document-view?p=AWNB&docref=news/17A6FDC42DA6EF78.","4/15/20","Issaquah & Sammamish Reporter ","Issaquah","WA","Xenophobia is bad","Bellevue, WA","Bellevue, WA","New 14 - Official Stances Against Xenophobia",NA,NA,NA,NA,NA,NA,NA,NA,NA,NA,NA,NA,"New 14 - Official Stances Against Xenophobia",NA,NA,NA,NA,NA,NA,47.6101497,-122.2015159
"LEE, C. (2020, April 15). Sonoma County's Asian-owned businesses 'trying to hang in there' as business slows during shelter-in-place order. Press Democrat, The (Santa Rosa, CA). Available from NewsBank: Access World News is provided by the University of Michigan Library: https://infoweb-newsbank-com.proxy.lib.umich.edu/apps/news/document-view?p=AWNB&docref=news/17A60ACC02DE3CD8.","4/15/20","The Press Democrat","Santa Rosa","CA","Xenophobia is bad","Sonoma County, CA","Sonoma County, CA","New 8 - Asian Business Downturn|Old 13 - Child Harassment",NA,NA,"New 8 - Asian Business Downturn",NA,NA,NA,NA,NA,NA,NA,NA,"Old 13 - Child Harassment",NA,NA,NA,NA,NA,NA,NA,38.5779555,-122.9888319
"NEPHIN | Staff Writer, D. (2020, April 15). State police have no COVID-19 hate crime investigations in PA; urge victims to report. LNP (Lancaster, PA). Available from NewsBank: Access World News is provided by the University of Michigan Library: https://infoweb-newsbank-com.proxy.lib.umich.edu/apps/news/document-view?p=AWNB&docref=news/17A61F71954AE5B0.","4/15/20","LNP ","Lancaster","PA","Xenophobia is bad","Lancaster, PA","Lancaster, PA","New 14 - Official Stances Against Xenophobia",NA,NA,NA,NA,NA,NA,NA,NA,NA,NA,NA,NA,"New 14 - Official Stances Against Xenophobia",NA,NA,NA,NA,NA,NA,40.0378755,-76.3055144
"Tracy, M. (2020, April 15). In New Crisis, Public Health Leader Recalls AIDS' Lessons. Gay City News (New York, NY). Available from NewsBank: Access World News is provided by the University of Michigan Library: https://infoweb-newsbank-com.proxy.lib.umich.edu/apps/news/document-view?p=AWNB&docref=news/17A60FFB227ACC28.","4/15/20","Gay City News ","Gay City News","NY","Xenophobia is bad","New York, NY","New York, NY","Old 12 - Adult Harassment",NA,NA,NA,NA,NA,NA,NA,NA,NA,"Old 12 - Adult Harassment",NA,NA,NA,NA,NA,NA,NA,NA,NA,40.7127753,-74.0059728
"Kennedy, B. (2020, April 15). Asian-bashing and a family stabbed: ‘I've never seen [Asian-Americans] this upset'. Fort Worth Star-Telegram (TX). Available from NewsBank: Access World News is provided by the University of Michigan Library: https://infoweb-newsbank-com.proxy.lib.umich.edu/apps/news/document-view?p=AWNB&docref=news/17A619419C1F95C0.","4/15/20","Fort Worth Star-Telegram ","Fort Worth","TX","Xenophobia is bad","Texas","Texas","New 12 - Adult Harassment|Old 13 - Child Harassment|New 15 - Asians Resist Xenophobia",NA,NA,NA,NA,NA,NA,NA,NA,"New 12 - Adult Harassment",NA,NA,"Old 13 - Child Harassment",NA,NA,"New 15 - Asians Resist Xenophobia",NA,NA,NA,NA,31.9685988,-99.9018131
"Cashill, J. (2020, April 15). Virtue signaling in the time of corona. American Thinker (USA). Available from NewsBank: Access World News is provided by the University of Michigan Library: https://infoweb-newsbank-com.proxy.lib.umich.edu/apps/news/document-view?p=AWNB&docref=news/17A600946262B818.","4/15/20","American Thinker ",NA,NA,"Racism is overplayed","Columbia, MO","Columbia, MO","New 14 - Official Stances Against Xenophobia",NA,NA,NA,NA,NA,NA,NA,NA,NA,NA,NA,NA,"New 14 - Official Stances Against Xenophobia",NA,NA,NA,NA,NA,NA,38.9517053,-92.3340724
"FEDERAL LAW ENFORCEMENT LEADERS AFFIRM IMPORTANCE OF PROTECTING CIVIL RIGHTS AMID CORONAVIRUS PANDEMIC. (2020, April 15). US Fed News (USA). Available from NewsBank: Access World News is provided by the University of Michigan Library: https://infoweb-newsbank-com.proxy.lib.umich.edu/apps/news/document-view?p=AWNB&docref=news/17A627E4DFD7D718.","4/15/20","US Fed News","Washington DC","DC","Xenophobia is bad","Portland, OR","Portland, OR","New 14 - Official Stances Against Xenophobia",NA,NA,NA,NA,NA,NA,NA,NA,NA,NA,NA,NA,"New 14 - Official Stances Against Xenophobia",NA,NA,NA,NA,NA,NA,45.5051064,-122.6750261
"Samuels, A. (2020, April 15). In a pandemic and an election year, Texas Democrats look for the right tone - The party, which has high hopes in the state in 2020, is looking to offer contrast without politicizing a crisis.. Texas Tribune, The (TX). Available from NewsBank: Access World News is provided by the University of Michigan Library: https://infoweb-newsbank-com.proxy.lib.umich.edu/apps/news/document-view?p=AWNB&docref=news/17A5B996685879D8.","4/15/20","The  Texas Tribune","Austin","TX","Xenophobia is bad","Texas","Texas","New 14 - Official Stances Against Xenophobia",NA,NA,NA,NA,NA,NA,NA,NA,NA,NA,NA,NA,"New 14 - Official Stances Against Xenophobia",NA,NA,NA,NA,NA,NA,31.9685988,-99.9018131
"Cooper, A. (2020, April 15). Trump: ""We Have Great Tests And We Want The States To Administer These Tests""; Trump Threatens To Adjourn Congress In Middle Of Pandemic If It Doesn't Approve His Nominees; U.S. Death Totals Compiled By CDC Will Now Include ""Probable"" Cases; NY, CT Order Residents To Wear Face Masks In Public When Social Distancing Not Possible; Study: People May Be Most Infectious Days Before Symptoms Appear; LA Mayor: Concerts, Sporting Events May Be Put On Hold Until 2021; Report: China Took Six Days To Warn Public Of Likely Coronavirus Outbreak. Aired 8-9p ET. Anderson Cooper 360 [CNN] (USA). Available from NewsBank: Access World News is provided by the University of Michigan Library: https://infoweb-newsbank-com.proxy.lib.umich.edu/apps/news/document-view?p=AWNB&docref=news/17A60C4B5C243170.","4/15/20","Anderson Cooper 360 [CNN] ","Atlanta","GA","Xenophobia is bad","Washington DC","Washington, District of Columbia","Old 3 - Political Statement",NA,"Old 3 - Political Statement",NA,NA,NA,NA,NA,NA,NA,NA,NA,NA,NA,NA,NA,NA,NA,NA,NA,38.9071923,-77.0368707
"Letters: Racial bigotry pushes our community further away during this crisis. (2020, April 15). Park Record, The (Park City, UT). Available from NewsBank: Access World News is provided by the University of Michigan Library: https://infoweb-newsbank-com.proxy.lib.umich.edu/apps/news/document-view?p=AWNB&docref=news/17A911D86AB4B958.","4/15/20","The Park Record","Park City","UT","Xenophobia is bad","Park City, UT","Park City, UT","New 13 - Child Harassment",NA,NA,NA,NA,NA,NA,NA,NA,NA,NA,"New 13 - Child Harassment",NA,NA,NA,NA,NA,NA,NA,NA,40.6460622,-111.4979729
"Park, J. (2020, April 15). Orange County gets more than 10,000 face masks from Asian American nonprofits. Orange County Register, The: Web Edition Articles (CA). Available from NewsBank: Access World News is provided by the University of Michigan Library: https://infoweb-newsbank-com.proxy.lib.umich.edu/apps/news/document-view?p=AWNB&docref=news/17A5B8B3DEA26C28.","4/15/20","The Orange County Register","Orange County","CA","Xenophobia is bad","Orange County, CA","Orange County, CA","New 15 - Asians Resist Xenophobia",NA,NA,NA,NA,NA,NA,NA,NA,NA,NA,NA,NA,NA,NA,"New 15 - Asians Resist Xenophobia",NA,NA,NA,NA,33.7174708,-117.8311428
"Student organizations still serving the student body. (2020, April 15). Daily Campus, The: University of Connecticut (CT). Available from NewsBank: Access World News is provided by the University of Michigan Library: https://infoweb-newsbank-com.proxy.lib.umich.edu/apps/news/document-view?p=AWNB&docref=news/17A5CCA2D7912C30.","4/15/20","The Daily Campus","Mansfield","CT","Xenophobia is bad","Mansfield, CT","Mansfield, CT","New 14 - Official Stances Against Xenophobia",NA,NA,NA,NA,NA,NA,NA,NA,NA,NA,NA,NA,"New 14 - Official Stances Against Xenophobia",NA,NA,NA,NA,NA,NA,41.788489,-72.2292913
"Meckley, T. (2020, April 15). Politics in the midst of a pandemic. Clause, The: Azusa Pacific University (CA). Available from NewsBank: Access World News is provided by the University of Michigan Library: https://infoweb-newsbank-com.proxy.lib.umich.edu/apps/news/document-view?p=AWNB&docref=news/17A898C131B49430.","4/15/20","The Clause","Azusa","CA","Xenophobia is bad","Washington DC","Washington, District of Columbia","Old 3 - Political Statement",NA,"Old 3 - Political Statement",NA,NA,NA,NA,NA,NA,NA,NA,NA,NA,NA,NA,NA,NA,NA,NA,NA,38.9071923,-77.0368707
"(2020, April 16). Corpus Christi Caller-Times (TX), p. 5. Available from NewsBank: Access World News is provided by the University of Michigan Library: https://infoweb-newsbank-com.proxy.lib.umich.edu/apps/news/document-view?p=AWNB&docref=image/v2%3A16F6746001B2CC98%40AWNB-17A60B6589BEAD3D%402458956-17A60B6EA8D60768%404-17A60B6EA8D60768%40.","4/16/20","Corpus Christi Caller-Times ","Corpus Christi","TX","Xenophobia is bad","Midland, TX","Midland, TX","Old 13 - Child Harassment",NA,NA,NA,NA,NA,NA,NA,NA,NA,NA,NA,"Old 13 - Child Harassment",NA,NA,NA,NA,NA,NA,NA,31.9973456,-102.0779146
"(2020, April 16). San Antonio Express-News, p. 10. Available from NewsBank: Access World News is provided by the University of Michigan Library: https://infoweb-newsbank-com.proxy.lib.umich.edu/apps/news/document-view?p=AWNB&docref=image/v2%3A16AC4EEDC1D84A40%40AWNB-17A6004ADAEA993A%402458956-17A60053DA4CFC35%409-17A60053DA4CFC35%40.","4/16/20","San Antonio Express-News","San Antonio","TX","Xenophobia is bad","Washington DC","Washington, District of Columbia","Old 3 - Political Statement",NA,"Old 3 - Political Statement",NA,NA,NA,NA,NA,NA,NA,NA,NA,NA,NA,NA,NA,NA,NA,NA,NA,38.9071923,-77.0368707
"Natividad, I. (2020, April 16). Opinion: Racist Harassment of Asian Health Care Workers Won't Cure Coronavirus. Oakland Post, The (CA). Available from NewsBank: Access World News is provided by the University of Michigan Library: https://infoweb-newsbank-com.proxy.lib.umich.edu/apps/news/document-view?p=AWNB&docref=news/17A66BA4439290E8.","4/16/20","The Oakland Post","Oakland","CA","Xenophobia is bad","California","California","New 12 - Adult Harassment",NA,NA,NA,NA,NA,NA,NA,NA,"New 12 - Adult Harassment",NA,NA,NA,NA,NA,NA,NA,NA,NA,NA,36.778261,-119.4179324
"(2020, April 16). Washington Times, The (DC), p. 16. Available from NewsBank: Access World News is provided by the University of Michigan Library: https://infoweb-newsbank-com.proxy.lib.umich.edu/apps/news/document-view?p=AWNB&docref=image/v2%3A16EC8BD9E46F7FD8%40AWNB-17A5F5DB87928D2D%402458956-17A5F5E3C8F6A857%4015-17A5F5E3C8F6A857%40.","4/16/20","The Washington Times","Washington DC","DC","Xenophobia is bad","Scottsadale, AZ","Scottsadale, AZ","New 16 - Vandalism",NA,NA,NA,NA,NA,NA,NA,NA,NA,NA,NA,NA,NA,NA,NA,NA,"New 16 - Vandalism",NA,NA,33.4941704,-111.9260519
"Fernández Campbell, A. (2020, April 16). Federal agencies are doing little about the rise in anti-Asian hate - The federal government's response amid the coronavirus pales in comparison to actions taken during the SARS outbreak and after the 9/11 terrorist attacks.. Center for Public Integrity, The (USA). Available from NewsBank: Access World News is provided by the University of Michigan Library: https://infoweb-newsbank-com.proxy.lib.umich.edu/apps/news/document-view?p=AWNB&docref=news/17A66089C371C278.","4/16/20","Center for Public Integrity, The ","Washington DC","DC","Xenophobia is bad","New York, NY -- mentions Stop AAPI Hate","New York, NY -- mentions Stop AAPI Hate","Old 3 - Political Statement|New 12 - Adult Harassment|Old 12 - Adult Harassment|New 14 - Official Stances Against Xenophobia|Old 14 - Official Stances Against Xenophobia|Old 15 - Asians Resist Xenophobia",NA,"Old 3 - Political Statement",NA,NA,NA,NA,NA,NA,"New 12 - Adult Harassment","Old 12 - Adult Harassment",NA,NA,"New 14 - Official Stances Against Xenophobia","Old 14 - Official Stances Against Xenophobia",NA,"Old 15 - Asians Resist Xenophobia",NA,NA,NA,40.7127753,-74.0059728
"Content, S. (2020, April 16). Edison juvenile allegedly yelled racial slurs at Asian woman for COVID-19 origins. Edison-Metuchen Sentinel (NJ). Available from NewsBank: Access World News is provided by the University of Michigan Library: https://infoweb-newsbank-com.proxy.lib.umich.edu/apps/news/document-view?p=AWNB&docref=news/17A75264C696CC50.","4/16/20","Edison-Metuchen Sentinel ","Edison","NJ","Xenophobia is bad","Edison, NJ","Edison, NJ","New 12 - Adult Harassment",NA,NA,NA,NA,NA,NA,NA,NA,"New 12 - Adult Harassment",NA,NA,NA,NA,NA,NA,NA,NA,NA,NA,40.5187154,-74.4120953
"Driscoll, M. (2020, April 16). Tacoma commission chair fears coronavirus discrimination. He saw the same thing during Ebola. News Tribune, The: Blogs (Tacoma, WA). Available from NewsBank: Access World News is provided by the University of Michigan Library: https://infoweb-newsbank-com.proxy.lib.umich.edu/apps/news/document-view?p=AWNB&docref=news/17A66B6A2D3A5E80.","4/16/20","The News Tribune","Tacoma","WA","Xenophobia is bad","Tacoma, WA","Tacoma, WA","New 12 - Adult Harassment|Old 14 - Official Stances Against Xenophobia",NA,NA,NA,NA,NA,NA,NA,NA,"New 12 - Adult Harassment",NA,NA,NA,NA,"Old 14 - Official Stances Against Xenophobia",NA,NA,NA,NA,NA,47.2528768,-122.4442906
"Philanthropies, M. (2020, April 16). Sponsored: Communities rally to help neighbors impacted by novel coronavirus. Seattle Times, The: Web Edition Articles (WA). Available from NewsBank: Access World News is provided by the University of Michigan Library: https://infoweb-newsbank-com.proxy.lib.umich.edu/apps/news/document-view?p=AWNB&docref=news/17A668CF12A8B3F0.","4/16/20","The Seattle Times","Seattle","WA","Xenophobia is bad","Seattle, WA","Seattle, WA","Old 8 - Asian Business Downturn",NA,NA,NA,"Old 8 - Asian Business Downturn",NA,NA,NA,NA,NA,NA,NA,NA,NA,NA,NA,NA,NA,NA,NA,47.6062095,-122.3320708
"Sen. Rosen Calls on Federal Agencies to Address Racist and Xenophobic Coronavirus-Related Attacks Against Asian Americans. (2020, April 16). Targeted News Service: U.S. Senate (USA). Available from NewsBank: Access World News is provided by the University of Michigan Library: https://infoweb-newsbank-com.proxy.lib.umich.edu/apps/news/document-view?p=AWNB&docref=news/17A616B0554B1490.","4/16/20","Targteted News Service",NA,NA,"Xenophobia is bad","Washington DC","Washington, District of Columbia","New 14 - Official Stances Against Xenophobia",NA,NA,NA,NA,NA,NA,NA,NA,NA,NA,NA,NA,"New 14 - Official Stances Against Xenophobia",NA,NA,NA,NA,NA,NA,38.9071923,-77.0368707
"LU, R. (2020, April 16). Midd clubs get creative to bridge the geographic gap. Middlebury Campus, The: Middlebury College (VT). Available from NewsBank: Access World News is provided by the University of Michigan Library: https://infoweb-newsbank-com.proxy.lib.umich.edu/apps/news/document-view?p=AWNB&docref=news/17A65D2FE2F3D0A0.","4/16/20","The Middlebury Campus","Middlebury","VT","Xenophobia is bad","Middlebury, VT","Middlebury, VT","Old 15 - Asians Resist Xenophobia",NA,NA,NA,NA,NA,NA,NA,NA,NA,NA,NA,NA,NA,NA,NA,"Old 15 - Asians Resist Xenophobia",NA,NA,NA,44.0153371,-73.16734
"Wildermuth, J. (2020, April 16). MainNews. San Francisco Chronicle (CA). Available from NewsBank: Access World News is provided by the University of Michigan Library: https://infoweb-newsbank-com.proxy.lib.umich.edu/apps/news/document-view?p=AWNB&docref=news/17A60A86768B4990.","4/16/20","MainNews. San Francisco Chronicle ","San Fransisco","CA","Xenophobia is bad","San Fransisco, CA","San Fransisco, CA","Old 8 - Asian Business Downturn",NA,NA,NA,"Old 8 - Asian Business Downturn",NA,NA,NA,NA,NA,NA,NA,NA,NA,NA,NA,NA,NA,NA,NA,37.7749295,-122.4194155
"Digital, T. (2020, April 16). Sen. Cotton introduces bill allowing Americans to sue China over coronavirus - Arkansas Sen. Tom Cotton and Texas Rep. Dan Crenshaw introduced legislation that would allow Americans to sue China over the coronavirus.. CBS - 5 KFSM (Fort Smith, Fayetteville, Springdale, Rogers, AR). Available from NewsBank: Access World News is provided by the University of Michigan Library: https://infoweb-newsbank-com.proxy.lib.umich.edu/apps/news/document-view?p=AWNB&docref=news/17A644A0A8D4C628.","4/16/20"," CBS - 5 KFSM ","Fort Smith","AR","Xenophobia is bad","Washington DC","Washington, District of Columbia","New 14 - Official Stances Against Xenophobia",NA,NA,NA,NA,NA,NA,NA,NA,NA,NA,NA,NA,"New 14 - Official Stances Against Xenophobia",NA,NA,NA,NA,NA,NA,38.9071923,-77.0368707
"Ore. U.S. Attorney Williams: Federal Law Enforcement Leaders Affirm Importance of Protecting Civil Rights Amid Coronavirus Pandemic. (2020, April 16). Targeted News Service (USA). Available from NewsBank: Access World News is provided by the University of Michigan Library: https://infoweb-newsbank-com.proxy.lib.umich.edu/apps/news/document-view?p=AWNB&docref=news/17A616AFEC36B5D8.","4/16/20","Targeted News Service",NA,NA,"Xenophobia is bad","Portland, OR","Portland, OR","New 14 - Official Stances Against Xenophobia",NA,NA,NA,NA,NA,NA,NA,NA,NA,NA,NA,NA,"New 14 - Official Stances Against Xenophobia",NA,NA,NA,NA,NA,NA,45.5051064,-122.6750261
"Cristantiello, R. (2020, April 16). Chinese American groups unite community. Lexington Minuteman (MA), p. A1. Available from NewsBank: Access World News is provided by the University of Michigan Library: https://infoweb-newsbank-com.proxy.lib.umich.edu/apps/news/document-view?p=AWNB&docref=news/17A633AF1D9E5238.","4/16/20","Lexington Minuteman ","Lexington","MA","Xenophobia is bad","Lexington, MA","Lexington, MA","New 14 - Official Stances Against Xenophobia",NA,NA,NA,NA,NA,NA,NA,NA,NA,NA,NA,NA,"New 14 - Official Stances Against Xenophobia",NA,NA,NA,NA,NA,NA,42.4473497,-71.2271531
"Documenting the toll of coronavirus on New York City's Chinatown. (2020, April 16). PRI's The World: Web Edition Articles (USA). Available from NewsBank: Access World News is provided by the University of Michigan Library: https://infoweb-newsbank-com.proxy.lib.umich.edu/apps/news/document-view?p=AWNB&docref=news/17A658081F354200.","4/16/20","PRI's The World",NA,NA,"Xenophobia is bad","New York, NY","New York, NY","Old 8 - Asian Business Downturn",NA,NA,NA,"Old 8 - Asian Business Downturn",NA,NA,NA,NA,NA,NA,NA,NA,NA,NA,NA,NA,NA,NA,NA,40.7127753,-74.0059728
"Stitt, C. (2020, April 16). Ann Arbor group hosts webinars on how coronavirus outbreak affects minority communities. Ann Arbor News: Web Edition Articles (MI). Available from NewsBank: Access World News is provided by the University of Michigan Library: https://infoweb-newsbank-com.proxy.lib.umich.edu/apps/news/document-view?p=AWNB&docref=news/17A63F540AE5DF08.","4/16/20","Ann Arbor News: Web Edition Articles ","Ann Arbor","MI","Xenophobia is bad","Ann Arnor, MI","Ann Arnor, MI","New 14 - Official Stances Against Xenophobia",NA,NA,NA,NA,NA,NA,NA,NA,NA,NA,NA,NA,"New 14 - Official Stances Against Xenophobia",NA,NA,NA,NA,NA,NA,42.2808256,-83.7430378
"War, Irony And The New Normal | Robert C. Koehler. (2020, April 16). Bainbridge Island Review (WA). Available from NewsBank: Access World News is provided by the University of Michigan Library: https://infoweb-newsbank-com.proxy.lib.umich.edu/apps/news/document-view?p=AWNB&docref=news/17A6F95544473ED0.","4/16/20","Bainbridge Island Review ","Bainbridge Island","WA","Xenophobia is bad","Washington DC","Washington, District of Columbia","Old 3 - Political Statement",NA,"Old 3 - Political Statement",NA,NA,NA,NA,NA,NA,NA,NA,NA,NA,NA,NA,NA,NA,NA,NA,NA,38.9071923,-77.0368707
"Hatcher: America's biggest viral challenger--Coronavirus or Trump?. (2020, April 16). Observer, The: Case Western Reserve University (Cleveland, OH). Available from NewsBank: Access World News is provided by the University of Michigan Library: https://infoweb-newsbank-com.proxy.lib.umich.edu/apps/news/document-view?p=AWNB&docref=news/17A65AA947D7B890.","4/16/20","The Observer","Cleveland","OH","Xenophobia is bad","Washington DC","Washington, District of Columbia","Old 3 - Political Statement",NA,"Old 3 - Political Statement",NA,NA,NA,NA,NA,NA,NA,NA,NA,NA,NA,NA,NA,NA,NA,NA,NA,38.9071923,-77.0368707
"Letters to the editor. (2020, April 16). Brookline TAB (MA), p. A6. Available from NewsBank: Access World News is provided by the University of Michigan Library: https://infoweb-newsbank-com.proxy.lib.umich.edu/apps/news/document-view?p=AWNB&docref=news/17A630C6430554A8.","4/16/20","Brookline TAB ","Brookline","MA","Xenophobia is bad","Brookline, MA","Brookline, MA","New 15 - Asians Resist Xenophobia",NA,NA,NA,NA,NA,NA,NA,NA,NA,NA,NA,NA,NA,NA,"New 15 - Asians Resist Xenophobia",NA,NA,NA,NA,42.3317642,-71.1211635
"Hou, Y. (2020, April 16). Chinese community unites to help out. Weston Town Crier, The (MA), p. B4. Available from NewsBank: Access World News is provided by the University of Michigan Library: https://infoweb-newsbank-com.proxy.lib.umich.edu/apps/news/document-view?p=AWNB&docref=news/17A63589F0B68520.","4/16/20","The Weston Town Crier","Weston","MA","Xenophobia is bad","Weston, MA","Weston, MA","New 15 - Asians Resist Xenophobia",NA,NA,NA,NA,NA,NA,NA,NA,NA,NA,NA,NA,NA,NA,"New 15 - Asians Resist Xenophobia",NA,NA,NA,NA,42.3667625,-71.3031132
"Sen. Feinstein Statement on Rise of Hate Crimes Related to Coronavirus Racism. (2020, April 16). Targeted News Service (USA). Available from NewsBank: Access World News is provided by the University of Michigan Library: https://infoweb-newsbank-com.proxy.lib.umich.edu/apps/news/document-view?p=AWNB&docref=news/17A616AF62C25C78.","4/16/20","Targeted News Service",NA,NA,"Xenophobia is bad","Washington DC","Washington, District of Columbia","New 14 - Official Stances Against Xenophobia",NA,NA,NA,NA,NA,NA,NA,NA,NA,NA,NA,NA,"New 14 - Official Stances Against Xenophobia",NA,NA,NA,NA,NA,NA,38.9071923,-77.0368707
"Matrisciano, S. (2020, April 16). Penn State student political organizations weigh in on President Trump’s coronavirus response. Daily Collegian, The: Pennsylvania State University (PA). Available from NewsBank: Access World News is provided by the University of Michigan Library: https://infoweb-newsbank-com.proxy.lib.umich.edu/apps/news/document-view?p=AWNB&docref=news/17A62FECDAFF0A90.","4/16/20","The Daily Collegian","State College","PA","Xenophobia is bad","Washington DC","Washington, District of Columbia","Old 3 - Political Statement",NA,"Old 3 - Political Statement",NA,NA,NA,NA,NA,NA,NA,NA,NA,NA,NA,NA,NA,NA,NA,NA,NA,38.9071923,-77.0368707
"Fiorillo, V. (2020, April 16). Philly Lawyer Sues for Defamation After Instagram Post Paints Him As Coughing Coronavirus Villain - A jogger, an attorney and their clash outside of Center City's Apple Store.. Philadelphia Magazine (PA). Available from NewsBank: Access World News is provided by the University of Michigan Library: https://infoweb-newsbank-com.proxy.lib.umich.edu/apps/news/document-view?p=AWNB&docref=news/17A672A763398C30.","4/16/20"," Philadelphia Magazine ","Philadelphia","PA","Xenophobia is bad","Philadelphia","Philadelphia, PA","Old 12 - Adult Harassment",NA,NA,NA,NA,NA,NA,NA,NA,NA,"Old 12 - Adult Harassment",NA,NA,NA,NA,NA,NA,NA,NA,NA,39.9525839,-75.1652215
"NEW BRUNSWICK, T. (2020, April 16). Juvenile Charged in Anti-Asian Bias Attack in Edison. TAPinto.net (NJ). Available from NewsBank: Access World News is provided by the University of Michigan Library: https://infoweb-newsbank-com.proxy.lib.umich.edu/apps/news/document-view?p=AWNB&docref=news/17A68DD9F9129C68.","4/16/20","TAPinto.net ",NA,"NJ","Xenophobia is bad","Edison, NJ","Edison, NJ","Old 12 - Adult Harassment",NA,NA,NA,NA,NA,NA,NA,NA,NA,"Old 12 - Adult Harassment",NA,NA,NA,NA,NA,NA,NA,NA,NA,40.5187154,-74.4120953
"REPORT DISCRIMINATION, HATE OR BIAS. (2020, April 16). US Fed News (USA). Available from NewsBank: Access World News is provided by the University of Michigan Library: https://infoweb-newsbank-com.proxy.lib.umich.edu/apps/news/document-view?p=AWNB&docref=news/17A67C694A628608.","4/16/20","US Fed News",NA,"OR","Xenophobia is bad","Eugene, OR","Eugene, OR","New 14 - Official Stances Against Xenophobia",NA,NA,NA,NA,NA,NA,NA,NA,NA,NA,NA,NA,"New 14 - Official Stances Against Xenophobia",NA,NA,NA,NA,NA,NA,44.0520691,-123.0867536
"(2020, April 17). Columbus Dispatch, The (OH), p. 12. Available from NewsBank: Access World News – Historical and Current: https://infoweb-newsbank-com.proxy.lib.umich.edu/apps/news/document-view?p=WORLDNEWS&docref=image/v2%3A16656C71B76336E8%40AWNB-17A65563446A1B4E%402458957-17A65579AC189CF9%4011-17A65579AC189CF9%40.","4/17/20","The Columbus Dispatch","Columbus","OH","Xenophobia is bad","Washington DC","Washington, District of Columbia","Old 3 - Political Statement",NA,"Old 3 - Political Statement",NA,NA,NA,NA,NA,NA,NA,NA,NA,NA,NA,NA,NA,NA,NA,NA,NA,38.9071923,-77.0368707
"Nix, K. (2020, April 17). COVID-19 relief efforts: Asian community answers Stafford councilmember’s call to action. Sugar Land Sun: Web Edition Articles (TX). Available from NewsBank: Access World News – Historical and Current: https://infoweb-newsbank-com.proxy.lib.umich.edu/apps/news/document-view?p=WORLDNEWS&docref=news/17A6FFC516599A78.","4/17/20","Sugar Land Sun: Web Edition Articles ","Sugar Land","TX","Xenophobia is bad","Stafford City, TX","Stafford City, TX","New 15 - Asians Resist Xenophobia",NA,NA,NA,NA,NA,NA,NA,NA,NA,NA,NA,NA,NA,NA,"New 15 - Asians Resist Xenophobia",NA,NA,NA,NA,29.6160671,-95.5577221
"(2020, April 17). Philadelphia Inquirer, The (PA), p. 19. Available from NewsBank: Access World News – Historical and Current: https://infoweb-newsbank-com.proxy.lib.umich.edu/apps/news/document-view?p=WORLDNEWS&docref=image/v2%3A1691563DEA998098%40AWNB-17A659F978893142%402458957-17A67ED215012F7F%4018-17A67ED215012F7F%40.","4/17/20","The Philadelphia Inquirer","Philadelphia","PA","Xenophobia is bad","Philadelphia","Philadelphia, PA","Old 15 - Asians Resist Xenophobia",NA,NA,NA,NA,NA,NA,NA,NA,NA,NA,NA,NA,NA,NA,NA,"Old 15 - Asians Resist Xenophobia",NA,NA,NA,39.9525839,-75.1652215
"AG launches hotline to report hate crimes and bias-based incidents. (2020, April 17). Register-Star (Hudson, NY). Available from NewsBank: Access World News – Historical and Current: https://infoweb-newsbank-com.proxy.lib.umich.edu/apps/news/document-view?p=WORLDNEWS&docref=news/17AACEA2D22CDCD0.","4/17/20","Register-Star ","Hudson","NY","Xenophobia is bad","New York","New York, NY","New 14 - Official Stances Against Xenophobia",NA,NA,NA,NA,NA,NA,NA,NA,NA,NA,NA,NA,"New 14 - Official Stances Against Xenophobia",NA,NA,NA,NA,NA,NA,40.7127753,-74.0059728
"Eger, W. (2020, April 17). Forum; Mislabeling COVID-19 could have deadly effect. New Haven Register (CT), p. A007. Available from NewsBank: Access World News – Historical and Current: https://infoweb-newsbank-com.proxy.lib.umich.edu/apps/news/document-view?p=WORLDNEWS&docref=news/17A65982C6B8B400.","4/17/20","New Haven Register ","New Haven","CT","Xenophobia is bad","Washington DC","Washington, District of Columbia","Old 3 - Political Statement",NA,"Old 3 - Political Statement",NA,NA,NA,NA,NA,NA,NA,NA,NA,NA,NA,NA,NA,NA,NA,NA,NA,38.9071923,-77.0368707
"Driscoll, M. (2020, April 17). commentary Tacoma condemns coronavirus racism and discrimination. News Tribune, The (Tacoma, WA), p. 3A. Available from NewsBank: Access World News – Historical and Current: https://infoweb-newsbank-com.proxy.lib.umich.edu/apps/news/document-view?p=WORLDNEWS&docref=news/17A6966D9A591E00.","4/17/20","The News Tribune","Tacoma","WA","Xenophobia is bad","Tacoma, WA","Tacoma, WA","Old 14 - Official Stances Against Xenophobia",NA,NA,NA,NA,NA,NA,NA,NA,NA,NA,NA,NA,NA,"Old 14 - Official Stances Against Xenophobia",NA,NA,NA,NA,NA,47.2528768,-122.4442906
"Democrats raise alarms over coronavirus-related discrimination. (2020, April 17). CQ News (USA). Available from NewsBank: Access World News – Historical and Current: https://infoweb-newsbank-com.proxy.lib.umich.edu/apps/news/document-view?p=WORLDNEWS&docref=news/17A8510559B154E0.","4/17/20","CQ News",NA,NA,"Xenophobia is bad","Washington DC","Washington, District of Columbia","Old 14 - Official Stances Against Xenophobia",NA,NA,NA,NA,NA,NA,NA,NA,NA,NA,NA,NA,NA,"Old 14 - Official Stances Against Xenophobia",NA,NA,NA,NA,NA,38.9071923,-77.0368707
"Arun, T. (2020, April 17). New Jersey Girl Punches Asian Woman, Yells At Her In Hate Crime Over Origin Of Coronavirus. International Business Times (USA). Available from NewsBank: Access World News – Historical and Current: https://infoweb-newsbank-com.proxy.lib.umich.edu/apps/news/document-view?p=WORLDNEWS&docref=news/17A6BB51850D8C70.","4/17/20","International Business Times ","New York","NY","Xenophobia is bad","Edison, NJ","Edison, NJ","Old 12 - Adult Harassment",NA,NA,NA,NA,NA,NA,NA,NA,NA,"Old 12 - Adult Harassment",NA,NA,NA,NA,NA,NA,NA,NA,NA,40.5187154,-74.4120953
"P. Tallet, O. (2020, April 17). In Houston's new normal, a different curve emerges: Outward racism towards Asian Americans. Houston Chronicle: Web Edition Articles (TX). Available from NewsBank: Access World News – Historical and Current: https://infoweb-newsbank-com.proxy.lib.umich.edu/apps/news/document-view?p=WORLDNEWS&docref=news/17A67B07D40D25F0.","4/17/20","Houston Chronicle: Web Edition Articles ","Houston","TX","Xenophobia is bad","Houston, TX","Houston, TX","Old 3 - Political Statement|Old 8 - Asian Business Downturn|Old 12 - Adult Harassment|New 14 - Official Stances Against Xenophobia|New 15 - Asians Resist Xenophobia",NA,"Old 3 - Political Statement",NA,"Old 8 - Asian Business Downturn",NA,NA,NA,NA,NA,"Old 12 - Adult Harassment",NA,NA,"New 14 - Official Stances Against Xenophobia",NA,"New 15 - Asians Resist Xenophobia",NA,NA,NA,NA,29.7604267,-95.3698028
"Yu, T. (2020, April 17). Sacramento’s Chinese community members donate medical supplies to help fight coronavirus. Sacramento Bee, The: Web Edition Articles (CA). Available from NewsBank: Access World News – Historical and Current: https://infoweb-newsbank-com.proxy.lib.umich.edu/apps/news/document-view?p=WORLDNEWS&docref=news/17A6AA4462851110.","4/17/20","The Sacramento Bee","Sacramento","CA","Xenophobia is bad","Sacramento, CA","Sacramento, CA","New 15 - Asians Resist Xenophobia",NA,NA,NA,NA,NA,NA,NA,NA,NA,NA,NA,NA,NA,NA,"New 15 - Asians Resist Xenophobia",NA,NA,NA,NA,38.5815719,-121.4943996
"M. Dean STAFF WRITER, M. (2020, April 17). THEY GOT YOU COVERED - Asian American groups make thousands of masks. Philadelphia Daily News (PA), p. 2. Available from NewsBank: Access World News – Historical and Current: https://infoweb-newsbank-com.proxy.lib.umich.edu/apps/news/document-view?p=WORLDNEWS&docref=news/17A6658CF28B9728.","4/17/20","Philadelphia Daily News ","Philadelphia","PA","Xenophobia is bad","Philadelphia","Philadelphia, PA","Old 14 - Official Stances Against Xenophobia|Old 15 - Asians Resist Xenophobia",NA,NA,NA,NA,NA,NA,NA,NA,NA,NA,NA,NA,NA,"Old 14 - Official Stances Against Xenophobia",NA,"Old 15 - Asians Resist Xenophobia",NA,NA,NA,39.9525839,-75.1652215
"Fersan and Kai Golden, E. (2020, April 17). Commentary: Trump's xenophobia will exacerbate crisis. Tribune Content Agency News Service Special Sections. Available from NewsBank: Access World News – Historical and Current: https://infoweb-newsbank-com.proxy.lib.umich.edu/apps/news/document-view?p=WORLDNEWS&docref=news/17A684848CB73BD8.","4/17/20","Tribune Content Agency News",NA,NA,"Xenophobia is bad","Washington DC","Washington, District of Columbia","Old 3 - Political Statement",NA,"Old 3 - Political Statement",NA,NA,NA,NA,NA,NA,NA,NA,NA,NA,NA,NA,NA,NA,NA,NA,NA,38.9071923,-77.0368707
"Yu, T. (2020, April 17). How discrimination affects health + Mask donations between Sacramento and China. Sacramento Bee, The: Web Edition Articles (CA). Available from NewsBank: Access World News – Historical and Current: https://infoweb-newsbank-com.proxy.lib.umich.edu/apps/news/document-view?p=WORLDNEWS&docref=news/17A6AA449E3663E8.","4/17/20","The Sacramento Bee","Sacramento","CA","Xenophobia is bad","Sacramento, CA","Sacramento, CA","New 14 - Official Stances Against Xenophobia|Old 15 - Asians Resist Xenophobia",NA,NA,NA,NA,NA,NA,NA,NA,NA,NA,NA,NA,"New 14 - Official Stances Against Xenophobia",NA,NA,"Old 15 - Asians Resist Xenophobia",NA,NA,NA,38.5815719,-121.4943996
"ASLETINE, P. (2020, April 17). Arrests in NJ Continue for Violations of COVID-19 Executive Order. TAPinto.net (NJ). Available from NewsBank: Access World News – Historical and Current: https://infoweb-newsbank-com.proxy.lib.umich.edu/apps/news/document-view?p=WORLDNEWS&docref=news/17A68DDCD1DDAF48.","4/17/20","TAPinto.net ",NA,"NJ","Xenophobia is bad","Edison, NJ","Edison, NJ","Old 12 - Adult Harassment",NA,NA,NA,NA,NA,NA,NA,NA,NA,"Old 12 - Adult Harassment",NA,NA,NA,NA,NA,NA,NA,NA,NA,40.5187154,-74.4120953
"Travis, C. (2020, April 17). Asian dishes you can make at home. DePaulia, The: DePaul University (Chicago, IL). Available from NewsBank: Access World News – Historical and Current: https://infoweb-newsbank-com.proxy.lib.umich.edu/apps/news/document-view?p=WORLDNEWS&docref=news/17A6BCEE25CDB048.","4/17/20","The DePaulia","Chicago","IL","Xenophobia is bad","Chicago","Chicago, IL","Old 3 - Political Statement|Old 8 - Asian Business Downturn",NA,"Old 3 - Political Statement",NA,"Old 8 - Asian Business Downturn",NA,NA,NA,NA,NA,NA,NA,NA,NA,NA,NA,NA,NA,NA,NA,41.8781136,-87.6297982
"Pagano, E. (2020, April 17). Town Hall to focus on racism in the time of Covid-19. Austin Monitor (TX). Available from NewsBank: Access World News – Historical and Current: https://infoweb-newsbank-com.proxy.lib.umich.edu/apps/news/document-view?p=WORLDNEWS&docref=news/17A655BE8DA64340.","4/17/20","Austin Monitor ","Austin","TX","Xenophobia is bad","Austin, TX","Austin, TX","New 14 - Official Stances Against Xenophobia",NA,NA,NA,NA,NA,NA,NA,NA,NA,NA,NA,NA,"New 14 - Official Stances Against Xenophobia",NA,NA,NA,NA,NA,NA,30.267153,-97.7430608
"L. Micek, J. (2020, April 17). Commentary: Pandemic brings sting of hate. Jacksonville Journal-Courier (IL). Available from NewsBank: Access World News – Historical and Current: https://infoweb-newsbank-com.proxy.lib.umich.edu/apps/news/document-view?p=WORLDNEWS&docref=news/17A69424503068C0.","4/17/20","Jacksonville Journal-Courier ","Jacksonville","IL","Xenophobia is bad","Pennsylvania","Pennsylvania","Old 14 - Official Stances Against Xenophobia",NA,NA,NA,NA,NA,NA,NA,NA,NA,NA,NA,NA,NA,"Old 14 - Official Stances Against Xenophobia",NA,NA,NA,NA,NA,41.2033216,-77.1945247
"Bonner, M. (2020, April 17). Hackers reportedly 'Zoom bomb' AP Chinese class at Newton South High School with racist 'hate-filled images and speech'. Republican, The: Web Edition Articles (Springfield, MA). Available from NewsBank: Access World News – Historical and Current: https://infoweb-newsbank-com.proxy.lib.umich.edu/apps/news/document-view?p=WORLDNEWS&docref=news/17A67DEEC3F38150.","4/17/20","The Republican","Springfield","MA","Xenophobia is bad","Newton, MA","Newton, MA","New 13 - Child Harassment",NA,NA,NA,NA,NA,NA,NA,NA,NA,NA,"New 13 - Child Harassment",NA,NA,NA,NA,NA,NA,NA,NA,42.3370413,-71.2092214
"Torres, S. (2020, April 17). Sci-fi by the bay: Bracing for post-peak coronavirus in the cool, gray City of Love. San Francisco Chronicle: Web Edition Articles (CA). Available from NewsBank: Access World News – Historical and Current: https://infoweb-newsbank-com.proxy.lib.umich.edu/apps/news/document-view?p=WORLDNEWS&docref=news/17A693D5EC94F6C0.","4/17/20","San Francisco Chronicle: Web Edition Articles ","San Fransisco","CA","Xenophobia is bad","San Fransisco, CA","San Fransisco, CA","Old 8 - Asian Business Downturn",NA,NA,NA,"Old 8 - Asian Business Downturn",NA,NA,NA,NA,NA,NA,NA,NA,NA,NA,NA,NA,NA,NA,NA,37.7749295,-122.4194155
"Conley, B. (2020, April 17). Pantry Plus More continues daunting task of keeping kids fed during shutdown. Dominion Post, The (Morgantown, WV). Available from NewsBank: Access World News – Historical and Current: https://infoweb-newsbank-com.proxy.lib.umich.edu/apps/news/document-view?p=WORLDNEWS&docref=news/17A65F9E67D422F0.","4/17/20","The Dominion Post","Morgantown","WV","Xenophobia is bad","Morgantown, WV","Morgantown, WV","New 12 - Adult Harassment",NA,NA,NA,NA,NA,NA,NA,NA,"New 12 - Adult Harassment",NA,NA,NA,NA,NA,NA,NA,NA,NA,NA,39.629526,-79.9558968
"Ruggiero, L. (2020, April 17). Openings and Closings Take-out for the Long Haul. Houston Press (TX). Available from NewsBank: Access World News – Historical and Current: https://infoweb-newsbank-com.proxy.lib.umich.edu/apps/news/document-view?p=WORLDNEWS&docref=news/17A663E8D7D17920.","4/17/20","Houston Press ","Houston","TX","Xenophobia is bad","Houston, TX","Houston, TX","New 12 - Adult Harassment",NA,NA,NA,NA,NA,NA,NA,NA,"New 12 - Adult Harassment",NA,NA,NA,NA,NA,NA,NA,NA,NA,NA,29.7604267,-95.3698028
"(2020, April 18). Buffalo News, The (NY), p. 6. Available from NewsBank: Access World News – Historical and Current: https://infoweb-newsbank-com.proxy.lib.umich.edu/apps/news/document-view?p=WORLDNEWS&docref=image/v2%3A16F418461489FEE0%40AWNB-17A6AA28C8F418B7%402458958-17A6AA3E9A6FB5AD%405-17A6AA3E9A6FB5AD%40.","4/18/20","The Buffalo News","Buffalo","NY","Xenophobia is bad","San Fransisco, CA","San Fransisco, CA","Old 8 - Asian Business Downturn",NA,NA,NA,"Old 8 - Asian Business Downturn",NA,NA,NA,NA,NA,NA,NA,NA,NA,NA,NA,NA,NA,NA,NA,37.7749295,-122.4194155
"(2020, April 18). News Tribune, The (Tacoma, WA), p. 76. Available from NewsBank: Access World News – Historical and Current: https://infoweb-newsbank-com.proxy.lib.umich.edu/apps/news/document-view?p=WORLDNEWS&docref=image/v2%3A16BCB945E8A8B100%40AWNB-17A67E6189CFB7A8%402458958-17A6AB1C19E73213%4075-17A6AB1C19E73213%40.","4/18/20","The News Tribune","Tacoma","WA","Xenophobia is bad","Washington DC","Washington, District of Columbia","New 8 - Asian Business Downturn|New 14 - Official Stances Against Xenophobia",NA,NA,"New 8 - Asian Business Downturn",NA,NA,NA,NA,NA,NA,NA,NA,NA,"New 14 - Official Stances Against Xenophobia",NA,NA,NA,NA,NA,NA,38.9071923,-77.0368707
"J. Reddick, R. (2020, April 18). The COVID-19 era has us focused on our families and our well. Austin American-Statesman (TX), p. A7. Available from NewsBank: Access World News – Historical and Current: https://infoweb-newsbank-com.proxy.lib.umich.edu/apps/news/document-view?p=WORLDNEWS&docref=news/17A6DA6A881390E0.","4/18/20","Austin American-Statesman ","Austin","TX","Xenophobia is bad","Midland, TX","Midland, TX","Old 13 - Child Harassment",NA,NA,NA,NA,NA,NA,NA,NA,NA,NA,NA,"Old 13 - Child Harassment",NA,NA,NA,NA,NA,NA,NA,31.9973456,-102.0779146
"(2020, April 18). Sacramento Bee, The, p. 6. Available from NewsBank: Access World News – Historical and Current: https://infoweb-newsbank-com.proxy.lib.umich.edu/apps/news/document-view?p=WORLDNEWS&docref=image/v2%3A168017CA06D920C8%40AWNB-17A690E75EE4FAD6%402458958-17A69708025FD8B8%405-17A69708025FD8B8%40.","4/18/20","The Sacramento Bee","Sacramento","CA","Xenophobia is bad","Sacramento, CA","Sacramento, CA","Old 15 - Asians Resist Xenophobia",NA,NA,NA,NA,NA,NA,NA,NA,NA,NA,NA,NA,NA,NA,NA,"Old 15 - Asians Resist Xenophobia",NA,NA,NA,38.5815719,-121.4943996
"National Council of Asian Pacific Americans: Over 450 Civil Rights, Social Justice and Labor Organizations Call on Congress to Denounce Anti-Asian Racism Around COVID-19. (2020, April 18). Targeted News Service (USA). Available from NewsBank: Access World News – Historical and Current: https://infoweb-newsbank-com.proxy.lib.umich.edu/apps/news/document-view?p=WORLDNEWS&docref=news/17A6C1242A033FC0.","4/18/20","Targeted News Service",NA,NA,"Xenophobia is bad","Washington DC","Washington, District of Columbia","New 15 - Asians Resist Xenophobia",NA,NA,NA,NA,NA,NA,NA,NA,NA,NA,NA,NA,NA,NA,"New 15 - Asians Resist Xenophobia",NA,NA,NA,NA,38.9071923,-77.0368707
"Sens. Cortez Masto, Rosen Support Resolution Condemning Anti-Asian Racism Prompted by COVID-19. (2020, April 18). Targeted News Service: U.S. Senate (USA). Available from NewsBank: Access World News – Historical and Current: https://infoweb-newsbank-com.proxy.lib.umich.edu/apps/news/document-view?p=WORLDNEWS&docref=news/17A6BCCE408F9DA0.","4/18/20","Targeted News Service",NA,NA,"Xenophobia is bad","Washington DC","Washington, District of Columbia","New 14 - Official Stances Against Xenophobia",NA,NA,NA,NA,NA,NA,NA,NA,NA,NA,NA,NA,"New 14 - Official Stances Against Xenophobia",NA,NA,NA,NA,NA,NA,38.9071923,-77.0368707
"Ray, J. (2020, April 18). Houston coronavirus updates: What you need to know about April 18. Houston Chronicle: Web Edition Articles (TX). Available from NewsBank: Access World News – Historical and Current: https://infoweb-newsbank-com.proxy.lib.umich.edu/apps/news/document-view?p=WORLDNEWS&docref=news/17A6D0E75824ADE8.","4/18/20","Houston Chronicle: Web Edition Articles ","Houston","TX","Xenophobia is bad","Houston, TX","Houston, TX","Old 12 - Adult Harassment",NA,NA,NA,NA,NA,NA,NA,NA,NA,"Old 12 - Adult Harassment",NA,NA,NA,NA,NA,NA,NA,NA,NA,29.7604267,-95.3698028
"Writer, S. (2020, April 18). Letter: New Hampshire cannot afford to lose Shaheen from U.S. Senate. Eagle-Tribune, The (Lawrence, MA). Available from NewsBank: Access World News – Historical and Current: https://infoweb-newsbank-com.proxy.lib.umich.edu/apps/news/document-view?p=WORLDNEWS&docref=news/17A71CA672C46A08.","4/18/20","The . Senate. Eagle-Tribune","Lawrence","MA","Xenophobia is bad","Washington DC","Washington, District of Columbia","Old 3 - Political Statement",NA,"Old 3 - Political Statement",NA,NA,NA,NA,NA,NA,NA,NA,NA,NA,NA,NA,NA,NA,NA,NA,NA,38.9071923,-77.0368707
